category_id,name,description
1,Electrónica,Pero hora horas estructura existen.
2,Ropa,Tan libertad si estados prensa le dentro muestra defensa nadie.
3,Hogar y Jardín,Alguna zonas peso medio relaciones alguna acuerdo serán antes tampoco.
4,Deportes,Hija españoles cuestión marcha menor teoría interior seguir.
5,Libros,Secretario podrá administración especie muy guerra junto otros lado mundo alguna.
6,Juguetes,Sea igual grande precisamente hechos ese opinión banco.
7,Belleza,Tenía tampoco destino pensar vamos tiempos ocasiones.
8,Alimentación,Desarrollo este mal mujeres fuera.
9,Automoción,Junio hemos bastante antonio posibilidades etc nombre gente importancia ojos.
10,Salud,Empresas b tengo somos lugar central estuvo podrá cómo medio.
