review_id,order_item_id,rating,comment,reviewed_at
1,822.0,1,Diferencia humana sector pero.,2024-11-05 07:26:15
2,531.0,4,,2025-03-14 09:41:45
3,683.0,3,Casi buena educación temas ministro mil carrera según noviembre justicia flores noche todo obras entrar mayor ministro había sueño tribunal luz dicen.,2025-11-05 18:56:29
4,311.0,2,Políticos amigos primero administración.,2024-10-27 17:08:32
5,450.0,1,Semana será pueblo tuvo primeros unos.,2025-08-31 13:34:37
6,216.0,5,Pasado presidente curso derechos antes gracias pasa meses tipos película partidos.,2024-07-04 20:04:58
7,499.0,5,Ese decía español sector quien aquellos trabajadores sino sólo actual.,2025-08-21 08:05:48
8,303.0,5,Socialista pueda compañía medida político mayoría cuatro acerca costa te material doctor jóvenes tres chile derecha país ministro encuentro vino aquellos.,2025-07-10 20:26:12
9,498.0,2,Mejor cama problemas c tras asimismo proyecto oro voz necesario él poco posibilidad solución da empresa libre.,2025-09-06 08:05:48
10,743.0,4,Antes vuelta europea paso suelo volver época estoy idea posición hacen teoría.,2026-05-25 22:30:16
11,191.0,5,,2024-12-29 12:33:59
12,390.0,3,Quiere cuba principal.,2025-09-28 09:37:23
13,175.0,1,Sol aquella acciones grupo cargo modelo momentos encontrar presidente.,2024-08-05 14:19:31
14,336.0,2,Puntos voy unidad tienen club tiempo nada cuba sola interior central línea tanto vuelta mucha fiscal ayuda de algunos días tenido ex común juan.,2026-02-15 13:26:39
15,198.0,4,,2026-01-22 00:23:28
16,217.0,5,Cierto producto permite grado obstante formación centros torno b mesa cabo.,2024-06-30 20:04:58
17,742.0,2,Industria ni abril arriba de derechos imágenes hacer da.,2026-05-09 22:30:16
18,524.0,1,Cambio precisamente dinero algún vista ningún defensa pocos hacía.,2026-01-29 18:08:21
19,474.0,1,,2024-12-29 08:16:49
20,176.0,3,Voy ocasiones total dado.,2024-08-12 14:19:31
21,354.0,2,,2025-09-15 23:56:58
22,178.0,3,Somos grande hombre ese una valores efecto anterior torno otra dónde diferentes existe diciembre españoles ir fueron militar seguir.,2024-08-28 14:19:31
23,167.0,4,Buen ley medios los organización régimen momentos siglo jorge fuentes.,2025-07-31 23:04:30
24,164.0,2,Imágenes jóvenes ejército estos resultados compañía trabajo régimen j.,2025-07-17 23:04:30
25,218.0,4,Bueno te recuerdo siempre mes.,2024-07-03 20:04:58
26,798.0,5,,2026-02-14 09:12:36
27,473.0,3,Tiempos resultado cine.,2024-12-28 08:16:49
28,325.0,5,Qué palabras diferencia joven congreso joven corazón europa estilo tenían sería cuando material deja principales manuel nos pronto veces porque torno costa.,2024-09-01 12:58:39
29,693.0,2,,2024-10-09 10:29:53
30,525.0,3,Ha gonzález mucho otro nuestras incluso alta hora modo construcción españoles debía modelo.,2026-01-04 18:08:21
31,713.0,5,Único tienen mayo cambio mujer tenemos ya líder arriba unión informe.,2026-01-13 07:58:13
32,362.0,1,Negro barcelona vista sur artículo ver común consumo han nombre mirada qué actividad nuevos nuevos siguientes material.,2025-07-08 12:09:28
33,329.0,3,Tampoco ejército hacía decir comercio un trabajar consejo viene rosa hechos.,2024-09-17 12:58:39
34,782.0,4,,2025-05-18 06:30:22
35,11.0,2,Oficial instituto servicios grado puso iba público según tomar niños lejos deja corazón izquierda muchos orden compañía.,2025-06-09 03:41:44
36,669.0,5,Primero las se donde papel crisis.,2025-10-30 20:27:27
37,279.0,1,Propia baja incluso entre objeto hay podemos vio.,2025-03-13 23:21:20
38,253.0,5,,2026-01-08 19:57:35
39,339.0,5,,2026-02-07 13:26:39
40,420.0,4,Suficiente silencio río algo asunto quien siete revolución fuerte arriba aun padres.,2025-05-20 23:04:26
41,205.0,3,,2025-08-08 17:27:16
42,722.0,1,Línea vida grupos explicó carrera autoridades tratamiento cierta problemas libros.,2025-08-24 17:46:22
43,387.0,1,Fácil vista luz todos club nombre primeros.,2025-09-11 22:50:11
44,455.0,1,Actividades cual siguiente mejor llega.,2025-11-09 07:22:25
45,692.0,5,Cuyo forma arte cinco entre mismo principales fácil es organización resulta de esta.,2024-10-28 10:29:53
46,223.0,1,,2025-08-15 01:15:17
47,386.0,3,,2025-09-29 22:50:11
48,196.0,3,Política proyecto niños el cambios sola estaban minutos fernando habla.,2025-09-30 23:46:02
49,744.0,2,,2026-05-19 22:30:16
50,337.0,5,Televisión el dan vía resultados sol etapa ellas acto estoy mismos curso.,2026-01-31 13:26:39
51,595.0,1,,2026-01-20 00:57:54
52,166.0,3,,2025-07-07 23:04:30
53,335.0,5,Presente estilo aunque movimiento vino haciendo misma son.,2025-06-06 13:16:18
54,404.0,5,Sur dicho ex forma francia efecto considera alto manera cuando sus n eran razón volver sangre.,2026-02-20 10:52:03
55,39.0,2,Banco período consejo explicó esta yo plazo fue les cuestión tratamiento edad viene temas todas dejar llama.,2025-09-14 01:54:05
56,206.0,5,,2025-05-16 15:55:09
57,360.0,3,Valor al primeras secretario sociedad suelo no lleva lópez mejores país.,2025-06-21 12:09:28
58,723.0,5,G parte vuelta presidente unión alta parte.,2025-12-25 17:13:57
59,679.0,1,Orden encontrar finalmente hablar hacia tiempos.,2025-07-20 00:56:48
60,252.0,4,,2025-12-28 19:57:35
61,37.0,4,,2025-09-19 01:54:05
62,712.0,5,Varios buscar nuestra muy cuenta parte nosotros alrededor ver único nunca unas comunicación españa.,2025-11-30 08:12:34
63,219.0,3,P fácil una efecto a fueron día encima mucha diferentes cuestión psoe autoridades aún pensar.,2024-07-08 20:04:58
64,680.0,5,,2025-11-21 11:43:02
65,528.0,4,Demás diversos actividades esta fueron calidad suficiente formas.,2026-02-02 18:08:21
66,338.0,4,,2026-02-18 13:26:39
67,165.0,4,Segunda en cambio unos popular sido tengo pequeño televisión hizo cierta.,2025-07-11 23:04:30
68,451.0,2,Pueblo historia europea políticas generales soy misma grande había siquiera verdad.,2026-01-13 09:34:08
69,586.0,3,Incluso francisco recuerdo grupos contra qué quiero pasado si hijos mismo cambio imagen cine capital sean pp.,2024-11-13 11:15:03
70,1.0,3,Paso país finalmente.,2025-07-30 16:32:21
71,639.0,4,,2025-06-29 06:02:18
72,534.0,4,Zona nadie aquellos atención recuerdo nuevo trabajar ninguna saber pues cuarto.,2025-03-20 09:41:45
73,334.0,3,Hicieron ello mientras autoridades todos pues ocasión etc personas.,2026-01-02 19:03:29
74,275.0,5,,2025-09-12 18:33:17
75,405.0,1,Tendrá españoles diciembre silencio mesa embargo.,2026-03-12 10:52:03
76,207.0,3,Tan asociación valor explicó principal democracia dar marcha estructura gente señor dejar socialista superior todas.,2025-12-03 00:15:01
77,227.0,5,Base era proyectos conocimiento estamos ir dinero.,2025-12-11 03:28:23
78,799.0,2,Julio san mar por consecuencia martín esto equipo reunión tanto sigue familia.,2024-07-31 11:38:59
79,199.0,1,Puso sean pero ninguna psoe temas producción mantener acción actividad lleva oro mismo aparece luz este ir todavía sistemas gracias producto.,2026-01-30 11:28:02
80,197.0,4,Quizá éste hermano hijos debía c porque vista bueno dos.,2026-03-04 06:00:52
81,612.0,5,Haciendo ejército importancia lejos lugar iba televisión suelo.,2025-09-21 15:35:51
82,384.0,1,Operación enfermedad negro pequeño semana pp estamos relaciones han policía julio economía título futuro apenas tales revolución julio fuerza plaza realizar imágenes juicio social electoral durante.,2025-09-26 22:50:11
83,226.0,1,Sería instituto hacer muchas ve necesidad militares políticos formas luis septiembre encuentra millones esas sector.,2025-10-01 01:37:09
84,449.0,3,Aquel ni operación lado encuentran siquiera demás programa autor paso naturaleza.,2026-01-07 17:05:20
85,694.0,3,Pese imagen podía millones diciembre personas carlos atención.,2024-10-12 10:29:53
86,821.0,1,Carrera hasta m existe aquí llama momentos verdad teoría fútbol realizar iglesia casi mano también trata.,2024-11-12 07:26:15
87,711.0,3,Hombres cosas cuales entre trata palabras.,2025-06-20 11:00:46
88,281.0,2,Datos hicieron banco casa pero.,2025-03-04 23:21:20
89,649.0,2,Llega encuentran trabajar tal blanca alguien sociales reunión equipo aun septiembre texto afirmó tratamiento atrás fernando material español poco posibilidad dos viene ante.,2025-05-30 03:11:01
90,331.0,5,,2025-05-11 23:18:22
91,348.0,5,Consumo medida tres han república b países etapa alguna más pasar medida américa durante fuerzas.,2025-10-05 07:39:23
92,220.0,3,,2025-08-07 01:15:17
93,533.0,3,Aire productos fuerzas yo tratamiento hijo vivir población hubiera por internacional falta medida importancia acuerdo.,2025-03-30 09:41:45
94,623.0,3,Construcción diferentes paz tenía fernando.,2024-09-13 08:28:42
95,675.0,5,Fernando idea g domingo mejor nivel vuelve crisis éste corte.,2026-02-20 07:36:12
96,332.0,3,,2025-12-17 17:43:14
97,828.0,5,Siempre dirección posibilidades especial cuya.,2026-03-13 04:34:22
